Billing state,Billing city,Population,Population %
alabama,anniston,21169,0.0091258
alabama,athens,30934,0.0133354
alabama,athens,24693,0.0106450
alabama,auburn,82248,0.0354565
alabama,auburn,24847,0.0107114
alabama,auburn,26029,0.0112209
alabama,auburn,83942,0.0361868
alabama,bessemer,25048,0.0107980
alabama,birmingham,197089,0.0849636
alabama,birmingham,21480,0.0092599
alabama,decatur,58326,0.0251439
alabama,decatur,24312,0.0104807
alabama,decatur,68806,0.0296618
alabama,dothan,71288,0.0307317
alabama,enterprise,30272,0.0130500
alabama,florence,42477,0.0183115
alabama,florence,32941,0.0142006
alabama,florence,40687,0.0175399
alabama,gadsden,33309,0.0143593
alabama,greenville,27706,0.0119439
alabama,greenville,90070,0.0388285
alabama,greenville,72879,0.0314176
alabama,greenville,32724,0.0141071
alabama,huntsville,226208,0.0975166
alabama,huntsville,48553,0.0209308
alabama,marion,28110,0.0121180
alabama,marion,42318,0.0182430
alabama,marion,35543,0.0153223
alabama,mobile,183118,0.0789408
alabama,montgomery,196442,0.0846847
alabama,opelika,33595,0.0144826
alabama,ozark,22913,0.0098776
alabama,phenix,38464,0.0165815
alabama,selma,24493,0.0105588
alabama,troy,87398,0.0376766
alabama,troy,50730,0.0218693
alabama,troy,26906,0.0115990
alabama,tuscaloosa,111620,0.0481186
alaska,fairbanks,31864,0.4607421
alaska,haines,37294,0.5392579
arizona,avondale,93692,0.0177250
arizona,casa grande,63757,0.0120618
arizona,chandler,280305,0.0530293
arizona,clifton,88558,0.0167538
arizona,flagstaff,76602,0.0144919
arizona,florence,42477,0.0080360
arizona,florence,32941,0.0062319
arizona,florence,40687,0.0076973
arizona,glendale,253886,0.0480312
arizona,glendale,188701,0.0356992
arizona,kingman,35425,0.0067018
arizona,lake havasu,59321,0.0112226
arizona,mesa,526384,0.0995835
arizona,phoenix,2314157,0.4378019
arizona,prescott,47833,0.0090492
arizona,scottsdale,245021,0.0463541
arizona,sierra vista,44447,0.0084087
arizona,tempe,190158,0.0359749
arizona,tucson,560274,0.1059950
arizona,yuma,101228,0.0191507
arkansas,benton,37612,0.0139771
arkansas,camden,71168,0.0264470
arkansas,conway,70300,0.0261244
arkansas,conway,27987,0.0104003
arkansas,fayetteville,102113,0.0379465
arkansas,fayetteville,20089,0.0074653
arkansas,fayetteville,210381,0.0781803
arkansas,fort smith,89922,0.0334162
arkansas,helena,22121,0.0082205
arkansas,helena,34470,0.0128095
arkansas,hot springs,38020,0.0141287
arkansas,jacksonville,29097,0.0108128
arkansas,jacksonville,1302868,0.4841628
arkansas,jacksonville,72916,0.0270965
arkansas,jonesboro,80996,0.0300992
arkansas,little rock,206410,0.0767047
arkansas,newport,24742,0.0091945
arkansas,north little rock,64688,0.0240389
arkansas,pine bluff,39149,0.0145483
arkansas,rogers,74080,0.0275291
arkansas,searcy,23824,0.0088533
arkansas,van buren,24157,0.0089771
arkansas,west memphis,23861,0.0088671
california,alameda,75654,0.0027034
california,alhambra,80038,0.0028601
california,anaheim,341778,0.0122131
california,antioch,117435,0.0041964
california,arcadia,54245,0.0019384
california,bakersfield,425115,0.0151911
california,barstow,24969,0.0008922
california,belmont,26629,0.0009516
california,berkeley,119194,0.0042593
california,beverly hills,31015,0.0011083
california,brea,48528,0.0017341
california,buena park,82017,0.0029308
california,burbank,102865,0.0036758
california,burbank,28206,0.0010079
california,calexico,38238,0.0013664
california,carlsbad,113619,0.0040601
california,carlsbad,31538,0.0011270
california,carmel,102526,0.0036637
california,chico,101327,0.0036208
california,chula vista,274678,0.0098154
california,claremont,35660,0.0012743
california,compton,91003,0.0032519
california,concord,122413,0.0043743
california,concord,44658,0.0015958
california,concord,110323,0.0039423
california,corona,161404,0.0057676
california,coronado,19097,0.0006824
california,costa mesa,108515,0.0038777
california,culver,39049,0.0013954
california,daly,99974,0.0035725
california,davis,65882,0.0023542
california,downey,108909,0.0038918
california,el centro,43779,0.0015644
california,el cerrito,25570,0.0009137
california,el monte,104094,0.0037197
california,escondido,150245,0.0053689
california,eureka,25736,0.0009197
california,fairfield,120864,0.0043190
california,fairfield,44451,0.0015884
california,fontana,218915,0.0078227
california,fremont,229247,0.0081919
california,fremont,27617,0.0009869
california,fresno,547239,0.0195551
california,fullerton,142416,0.0050891
california,garden grove,170020,0.0060755
california,glendale,253886,0.0090724
california,glendale,188701,0.0067431
california,hayward,155961,0.0055731
california,hollywood,155230,0.0055470
california,huntington beach,195287,0.0069784
california,indio,93095,0.0033267
california,inglewood,102991,0.0036803
california,irvine,316595,0.0113132
california,la habra,61078,0.0021826
california,laguna beach,22340,0.0007983
california,lancaster,168234,0.0060117
california,lancaster,41547,0.0014846
california,lancaster,57254,0.0020459
california,lancaster,40260,0.0014387
california,livermore,82999,0.0029659
california,lodi,67749,0.0024209
california,lompoc,43053,0.0015385
california,long beach,453649,0.0162107
california,long beach,34627,0.0012374
california,los angeles,8258035,0.2950935
california,martinez,36426,0.0013017
california,marysville,28424,0.0010157
california,marysville,73028,0.0026096
california,menlo park,31703,0.0011329
california,merced,93840,0.0033533
california,modesto,219573,0.0078462
california,monterey,29130,0.0010409
california,mountain view,81958,0.0029287
california,napa,77516,0.0027700
california,newport beach,82908,0.0029626
california,norwalk,98103,0.0035056
california,norwalk,92727,0.0033135
california,novato,51884,0.0018540
california,oakland,449468,0.0160613
california,oceanside,170188,0.0060815
california,ontario,182595,0.0065249
california,orange,138397,0.0049455
california,oroville,19474,0.0006959
california,oxnard,198750,0.0071022
california,palm springs,45257,0.0016172
california,palmdale,165430,0.0059115
california,palo alto,65966,0.0023572
california,pasadena,134470,0.0048052
california,pasadena,147317,0.0052642
california,petaluma,58874,0.0021038
california,pomona,145560,0.0052015
california,port hueneme,21236,0.0007588
california,rancho cucamonga,175845,0.0062837
california,redding,92957,0.0033217
california,redlands,72823,0.0026023
california,redondo beach,68001,0.0024300
california,redwood,81004,0.0028946
california,richmond,114268,0.0040833
california,richmond,35451,0.0012668
california,richmond,37262,0.0013315
california,richmond,229447,0.0081991
california,riverside,319543,0.0114186
california,riverside,24352,0.0008702
california,roseville,159506,0.0056998
california,roseville,46727,0.0016697
california,roseville,35452,0.0012668
california,sacramento,545716,0.0195007
california,salinas,159643,0.0057047
california,san bernardino,224028,0.0080054
california,san clemente,62399,0.0022298
california,san diego,1495295,0.0534330
california,san fernando,23369,0.0008351
california,san francisco,879293,0.0314207
california,san gabriel,37767,0.0013496
california,san jose,978468,0.0349647
california,san juan capistrano,34794,0.0012433
california,san leandro,85793,0.0030657
california,san luis obispo,49249,0.0017599
california,san mateo,101597,0.0036305
california,san rafael,59686,0.0021328
california,santa ana,311097,0.0111168
california,santa barbara,86960,0.0031074
california,santa clara,132918,0.0047497
california,santa clarita,224455,0.0080207
california,santa cruz,61601,0.0022013
california,santa monica,90053,0.0032180
california,santa rosa,177432,0.0063404
california,simi valley,125192,0.0044736
california,south san francisco,63234,0.0022596
california,stockton,320154,0.0114404
california,sunnyvale,152933,0.0054649
california,thousand oaks,124130,0.0044357
california,torrance,139250,0.0049760
california,turlock,72205,0.0025802
california,vallejo,123463,0.0044118
california,victorville,139224,0.0049750
california,visalia,145502,0.0051994
california,walnut creek,69197,0.0024727
california,west covina,105744,0.0037787
california,whittier,84528,0.0030205
california,woodland,61146,0.0021850
california,yorba linda,66184,0.0023650
california,yuba,68670,0.0024539
colorado,aurora,396119,0.1248565
colorado,aurora,177899,0.0560737
colorado,boulder,106883,0.0336895
colorado,brighton,42482,0.0133903
colorado,central,29813,0.0093970
colorado,colorado springs,510704,0.1609736
colorado,denver,755078,0.2380001
colorado,englewood,34321,0.0108180
colorado,englewood,29657,0.0093479
colorado,fort collins,171119,0.0539366
colorado,georgetown,39489,0.0124469
colorado,georgetown,96548,0.0304319
colorado,golden,20275,0.0063907
colorado,grand junction,69417,0.0218802
colorado,greeley,113310,0.0357152
colorado,littleton,44478,0.0140194
colorado,longmont,98739,0.0311225
colorado,loveland,79359,0.0250139
colorado,montrose,21335,0.0067248
colorado,pueblo,111180,0.0350439
colorado,westminster,88934,0.0280319
colorado,westminster,114892,0.0362139
colorado,westminster,20564,0.0064818
connecticut,bridgeport,148122,0.0620051
connecticut,bristol,61634,0.0258005
connecticut,bristol,27879,0.0116704
connecticut,danbury,86239,0.0361003
connecticut,darien,21699,0.0090834
connecticut,derby,26235,0.0109822
connecticut,fairfield,120864,0.0505947
connecticut,fairfield,44451,0.0186076
connecticut,farmington,23933,0.0100185
connecticut,farmington,46271,0.0193694
connecticut,farmington,25828,0.0108118
connecticut,hartford,120768,0.0505545
connecticut,lebanon,21722,0.0090930
connecticut,lebanon,26386,0.0110454
connecticut,lebanon,48212,0.0201819
connecticut,manchester,115743,0.0484510
connecticut,mansfield,47757,0.0199915
connecticut,mansfield,78587,0.0328972
connecticut,meriden,60140,0.0251751
connecticut,middletown,48051,0.0201145
connecticut,middletown,30155,0.0126231
connecticut,middletown,51500,0.0215583
connecticut,new britain,74088,0.0310138
connecticut,new haven,135512,0.0567264
connecticut,new london,27569,0.0115406
connecticut,norwalk,98103,0.0410667
connecticut,norwalk,92727,0.0388163
connecticut,norwich,39894,0.0167000
connecticut,orange,138397,0.0579341
connecticut,seymour,21685,0.0090775
connecticut,shelton,42179,0.0176565
connecticut,stamford,136655,0.0572049
connecticut,torrington,35561,0.0148861
connecticut,waterbury,115332,0.0482789
connecticut,watertown,24163,0.0101148
connecticut,watertown,23241,0.0097289
connecticut,watertown,22733,0.0095162
connecticut,west haven,54838,0.0229556
connecticut,west haven,24016,0.0100533
delaware,dover,39924,0.0508649
delaware,dover,33496,0.0426753
delaware,new castle,21434,0.0273078
delaware,newark,47029,0.0599170
delaware,newark,30193,0.0384672
delaware,newark,310539,0.3956400
delaware,newark,51072,0.0650679
delaware,smyrna,56609,0.0721223
delaware,wilmington,71800,0.0914763
delaware,wilmington,122807,0.1564614
florida,bartow,20605,0.0033947
florida,boca raton,100354,0.0165336
florida,bradenton,57098,0.0094070
florida,cape coral,225007,0.0370705
florida,clearwater,116926,0.0192639
florida,coral gables,48370,0.0079691
florida,daytona beach,82528,0.0135967
florida,deerfield beach,87339,0.0143893
florida,delray beach,67652,0.0111458
florida,fort lauderdale,187030,0.0308137
florida,fort myers,97701,0.0160965
florida,fort pierce,49525,0.0081594
florida,fort walton beach,20954,0.0034522
florida,gainesville,146120,0.0240736
florida,gainesville,47294,0.0077918
florida,hallandale beach,41579,0.0068502
florida,hialeah,222906,0.0367243
florida,hollywood,155230,0.0255745
florida,homestead,81785,0.0134743
florida,jacksonville,29097,0.0047938
florida,jacksonville,1302868,0.2146508
florida,jacksonville,72916,0.0120131
florida,key west,25111,0.0041371
florida,lakeland,122315,0.0201517
florida,largo,82485,0.0135896
florida,melbourne,87267,0.0143775
florida,miami,482295,0.0794593
florida,miami beach,79633,0.0131197
florida,new smyrna beach,32665,0.0053816
florida,ocala,68544,0.0112928
florida,orlando,337305,0.0555719
florida,ormond beach,44300,0.0072985
florida,palm bay,135829,0.0223782
florida,panama,35701,0.0058818
florida,pensacola,53886,0.0088779
florida,pompano beach,114106,0.0187993
florida,sanford,65414,0.0107771
florida,sanford,22278,0.0036704
florida,sanford,32082,0.0052856
florida,sarasota,57637,0.0094958
florida,tallahassee,202408,0.0333472
florida,tampa,411894,0.0678606
florida,tarpon springs,25889,0.0042653
florida,titusville,49686,0.0081859
florida,venice,28164,0.0046401
florida,west palm beach,124880,0.0205743
florida,winter haven,57153,0.0094161
florida,winter park,29898,0.0049258
georgia,albany,19393,0.0050229
georgia,albany,67056,0.0173681
georgia,albany,101241,0.0262223
georgia,albany,57074,0.0147826
georgia,athens,30934,0.0080122
georgia,athens,24693,0.0063957
georgia,atlanta,511648,0.1325211
georgia,brunswick,35159,0.0091065
georgia,carrollton,27815,0.0072043
georgia,carrollton,133188,0.0344968
georgia,columbus,202134,0.0523544
georgia,columbus,51713,0.0133941
georgia,columbus,23045,0.0059688
georgia,columbus,24467,0.0063372
georgia,columbus,969655,0.2511488
georgia,dalton,34540,0.0089461
georgia,darien,21699,0.0056202
georgia,decatur,58326,0.0151069
georgia,decatur,24312,0.0062970
georgia,decatur,68806,0.0178213
georgia,east point,38164,0.0098848
georgia,gainesville,146120,0.0378463
georgia,gainesville,47294,0.0122495
georgia,marietta,62876,0.0162854
georgia,rome,38114,0.0098718
georgia,rome,31659,0.0081999
georgia,savannah,148028,0.0383405
georgia,valdosta,55199,0.0142970
georgia,warner robins,84782,0.0219592
georgia,washington,687788,0.1781429
georgia,washington,33957,0.0087951
idaho,boise,243470,0.3259138
idaho,caldwell,68426,0.0915964
idaho,idaho falls,68079,0.0911319
idaho,lewiston,34851,0.0466522
idaho,lewiston,38441,0.0514579
idaho,moscow,26388,0.0353235
idaho,nampa,114296,0.1529989
idaho,pocatello,58082,0.0777497
idaho,rexburg,39980,0.0535180
idaho,twin falls,55025,0.0736576
illinois,alton,25022,0.0024274
illinois,alton,21135,0.0020503
illinois,aurora,396119,0.0384275
illinois,aurora,177899,0.0172580
illinois,belleville,40737,0.0039519
illinois,belvidere,25306,0.0024549
illinois,bloomington,78699,0.0076346
illinois,bloomington,78951,0.0076590
illinois,bloomington,87642,0.0085021
illinois,brookfield,41965,0.0040710
illinois,calumet,34362,0.0033335
illinois,canton,36873,0.0035770
illinois,canton,69412,0.0067337
illinois,carbondale,21594,0.0020948
illinois,champaign,89615,0.0086935
illinois,charleston,155675,0.0151020
illinois,charleston,46900,0.0045498
illinois,chester,33626,0.0032621
illinois,chicago,3820914,0.3706667
illinois,chicago heights,26194,0.0025411
illinois,collinsville,23791,0.0023080
illinois,danville,28216,0.0027372
illinois,danville,41857,0.0040605
illinois,decatur,58326,0.0056582
illinois,decatur,24312,0.0023585
illinois,decatur,68806,0.0066749
illinois,dekalb,40215,0.0039013
illinois,des plaines,58036,0.0056301
illinois,east moline,20859,0.0020235
illinois,elgin,113343,0.0109954
illinois,elmhurst,45450,0.0044091
illinois,evanston,75092,0.0072847
illinois,freeport,23170,0.0022477
illinois,galesburg,29144,0.0028273
illinois,granite,26917,0.0026112
illinois,harrisburg,50045,0.0048549
illinois,highland park,30289,0.0029383
illinois,jacksonville,29097,0.0028227
illinois,jacksonville,1302868,0.1263912
illinois,jacksonville,72916,0.0070736
illinois,joliet,151574,0.0147042
illinois,kankakee,23525,0.0022822
illinois,lake forest,86124,0.0083549
illinois,lincoln,54670,0.0053035
illinois,lincoln,296186,0.0287330
illinois,moline,42056,0.0040799
illinois,mount vernon,71216,0.0069087
illinois,mount vernon,35265,0.0034211
illinois,naperville,150489,0.0145989
illinois,north chicago,30429,0.0029519
illinois,oak park,29025,0.0028157
illinois,oregon,37467,0.0036347
illinois,park ridge,37908,0.0036775
illinois,pekin,31134,0.0030203
illinois,peoria,200884,0.0194877
illinois,peoria,110660,0.0107351
illinois,petersburg,33339,0.0032342
illinois,pontiac,62043,0.0060188
illinois,quincy,38815,0.0037654
illinois,quincy,101680,0.0098640
illinois,rock island,36165,0.0035084
illinois,rockford,146593,0.0142210
illinois,salem,44784,0.0043445
illinois,salem,177563,0.0172254
illinois,salem,25623,0.0024857
illinois,springfield,112609,0.0109242
illinois,springfield,153859,0.0149259
illinois,springfield,170376,0.0165282
illinois,springfield,58086,0.0056349
illinois,springfield,61087,0.0059260
illinois,summit,22367,0.0021698
illinois,urbana,38224,0.0037081
illinois,waukegan,87680,0.0085058
illinois,wheaton,53095,0.0051507
illinois,zion,24231,0.0023506
indiana,anderson,55220,0.0127711
indiana,anderson,29990,0.0069360
indiana,bedford,48397,0.0111931
indiana,bloomington,78699,0.0182013
indiana,bloomington,78951,0.0182595
indiana,bloomington,87642,0.0202696
indiana,columbus,202134,0.0467489
indiana,columbus,51713,0.0119600
indiana,columbus,23045,0.0053298
indiana,columbus,24467,0.0056586
indiana,columbus,969655,0.2242587
indiana,east chicago,25832,0.0059743
indiana,elkhart,53682,0.0124154
indiana,evansville,115474,0.0267065
indiana,fort wayne,274333,0.0634469
indiana,gary,67679,0.0156526
indiana,geneva,21130,0.0048869
indiana,goshen,34358,0.0079462
indiana,greenfield,20662,0.0047786
indiana,greenfield,25937,0.0059986
indiana,greenfield,36917,0.0085380
indiana,hammond,76212,0.0176261
indiana,hammond,22542,0.0052134
indiana,hobart,29452,0.0068116
indiana,huntington,45336,0.0104852
indiana,jeffersonville,51317,0.0118684
indiana,kokomo,59938,0.0138623
indiana,lafayette,25056,0.0057949
indiana,lafayette,30520,0.0070586
indiana,lafayette,71258,0.0164803
indiana,lafayette,121469,0.0280930
indiana,madison,60872,0.0140783
indiana,madison,28010,0.0064781
indiana,madison,281754,0.0651632
indiana,marion,28110,0.0065012
indiana,marion,42318,0.0097872
indiana,marion,35543,0.0082203
indiana,michigan,31680,0.0073268
indiana,mishawaka,50867,0.0117644
indiana,muncie,65116,0.0150598
indiana,new albany,37351,0.0086384
indiana,new castle,21434,0.0049572
indiana,plymouth,77704,0.0179711
indiana,richmond,114268,0.0264275
indiana,richmond,35451,0.0081990
indiana,richmond,37262,0.0086178
indiana,richmond,229447,0.0530658
indiana,shelbyville,20613,0.0047673
indiana,shelbyville,25139,0.0058141
indiana,south bend,103794,0.0240051
indiana,terre haute,58536,0.0135380
indiana,valparaiso,34683,0.0080214
indiana,west lafayette,44854,0.0103737
iowa,ames,65800,0.0405406
iowa,burlington,23571,0.0145225
iowa,burlington,60049,0.0369973
iowa,burlington,44546,0.0274456
iowa,cedar falls,40826,0.0251536
iowa,cedar rapids,136226,0.0839313
iowa,clinton,24241,0.0149353
iowa,clinton,26698,0.0164491
iowa,clinton,23596,0.0145379
iowa,council bluffs,62548,0.0385369
iowa,davenport,100633,0.0620018
iowa,des moines,212392,0.1308585
iowa,des moines,32052,0.0197478
iowa,dubuque,58921,0.0363023
iowa,fairfield,120864,0.0744665
iowa,fairfield,44451,0.0273871
iowa,fort dodge,24626,0.0151725
iowa,iowa,75687,0.0466321
iowa,mason,26908,0.0165785
iowa,mason,35660,0.0219708
iowa,mount pleasant,20883,0.0128664
iowa,muscatine,23349,0.0143857
iowa,newton,88461,0.0545024
iowa,ottumwa,25256,0.0155607
iowa,sioux,85784,0.0528531
iowa,waterloo,66813,0.0411647
iowa,west des moines,72225,0.0444991
kansas,abilene,129330,0.0486250
kansas,dodge,27528,0.0103499
kansas,emporia,24118,0.0090678
kansas,garden,27383,0.0102954
kansas,garden,26343,0.0099043
kansas,hays,21043,0.0079117
kansas,hutchinson,39697,0.0149251
kansas,independence,29513,0.0110962
kansas,independence,121414,0.0456488
kansas,junction,21877,0.0082252
kansas,kansas,153672,0.0577770
kansas,kansas,510823,0.1920573
kansas,lawrence,49244,0.0185146
kansas,lawrence,96312,0.0362110
kansas,lawrence,88224,0.0331701
kansas,leavenworth,37047,0.0139288
kansas,manhattan,53721,0.0201978
kansas,newton,88461,0.0332592
kansas,olathe,147748,0.0555497
kansas,overland park,198162,0.0745042
kansas,pittsburg,75805,0.0285009
kansas,pittsburg,20520,0.0077150
kansas,salina,46182,0.0173633
kansas,shawnee,69514,0.0261356
kansas,shawnee,31804,0.0119576
kansas,topeka,125826,0.0473076
kansas,wichita,398431,0.1498006
kentucky,ashland,21167,0.0160920
kentucky,ashland,21061,0.0160114
kentucky,bowling green,76243,0.0579629
kentucky,bowling green,30410,0.0231189
kentucky,covington,41104,0.0312489
kentucky,covington,21129,0.0160631
kentucky,danville,28216,0.0214509
kentucky,danville,41857,0.0318213
kentucky,elizabethtown,32999,0.0250871
kentucky,frankfort,28347,0.0215505
kentucky,henderson,27758,0.0211027
kentucky,henderson,340512,0.2588705
kentucky,hopkinsville,30854,0.0234564
kentucky,louisville,20400,0.0155089
kentucky,newport,24742,0.0188098
kentucky,owensboro,60412,0.0459276
kentucky,paducah,26763,0.0203463
kentucky,paris,24974,0.0189862
kentucky,richmond,114268,0.0868710
kentucky,richmond,35451,0.0269512
kentucky,richmond,37262,0.0283280
kentucky,richmond,229447,0.1744345
louisiana,alexandria,43553,0.0273980
louisiana,alexandria,155369,0.0977385
louisiana,baton rouge,221300,0.1392139
louisiana,bossier,62743,0.0394699
louisiana,houma,31772,0.0199869
louisiana,lafayette,25056,0.0157621
louisiana,lafayette,30520,0.0191993
louisiana,lafayette,71258,0.0448265
louisiana,lafayette,121469,0.0764129
louisiana,lake charles,79661,0.0501126
louisiana,monroe,46654,0.0293488
louisiana,monroe,20101,0.0126450
louisiana,monroe,37890,0.0238356
louisiana,monroe,19449,0.0122348
louisiana,new iberia,27104,0.0170504
louisiana,new orleans,395052,0.2485166
louisiana,ruston,22245,0.0139937
louisiana,shreveport,178444,0.1122543
maine,auburn,82248,0.0650537
maine,auburn,24847,0.0196526
maine,auburn,26029,0.0205875
maine,auburn,83942,0.0663935
maine,bangor,31645,0.0250295
maine,biddeford,22373,0.0176958
maine,brunswick,35159,0.0278088
maine,farmington,23933,0.0189297
maine,farmington,46271,0.0365978
maine,farmington,25828,0.0204285
maine,lewiston,34851,0.0275652
maine,lewiston,38441,0.0304047
maine,portland,69128,0.0546765
maine,portland,633218,0.5008408
maine,portland,20483,0.0162009
maine,saco,20974,0.0165893
maine,york,44940,0.0355451
maryland,aberdeen,28117,0.0124229
maryland,annapolis,40571,0.0179254
maryland,baltimore,618639,0.2733317
maryland,bowie,57285,0.0253101
maryland,cambridge,118962,0.0525607
maryland,college park,34275,0.0151436
maryland,columbia,130046,0.0574579
maryland,columbia,143709,0.0634946
maryland,columbia,47448,0.0209638
maryland,easton,29544,0.0130534
maryland,frederick,85840,0.0379265
maryland,greenbelt,24457,0.0108058
maryland,hagerstown,43590,0.0192593
maryland,hyattsville,20664,0.0091299
maryland,laurel,29408,0.0129933
maryland,oakland,449468,0.1985873
maryland,rockville,67396,0.0297774
maryland,salisbury,33176,0.0146581
maryland,salisbury,36342,0.0160569
maryland,westminster,88934,0.0392935
maryland,westminster,114892,0.0507624
maryland,westminster,20564,0.0090857
massachusetts,andover,33105,0.0060983
massachusetts,arlington,403364,0.0743040
massachusetts,arlington,21211,0.0039073
massachusetts,attleboro,46666,0.0085964
massachusetts,bedford,48397,0.0089153
massachusetts,beverly,42437,0.0078174
massachusetts,boston,660929,0.1217503
massachusetts,brockton,105617,0.0194558
massachusetts,cambridge,118962,0.0219141
massachusetts,canton,36873,0.0067924
massachusetts,canton,69412,0.0127864
massachusetts,chelsea,38404,0.0070744
massachusetts,chicopee,54943,0.0101211
massachusetts,clinton,24241,0.0044655
massachusetts,clinton,26698,0.0049181
massachusetts,clinton,23596,0.0043466
massachusetts,concord,122413,0.0225498
massachusetts,concord,44658,0.0082265
massachusetts,concord,110323,0.0203227
massachusetts,everett,50355,0.0092759
massachusetts,everett,111338,0.0205097
massachusetts,fall river,94074,0.0173294
massachusetts,fitchburg,41647,0.0076718
massachusetts,fitchburg,32294,0.0059489
massachusetts,framingham,72100,0.0132816
massachusetts,gloucester,29980,0.0055226
massachusetts,greenfield,20662,0.0038062
massachusetts,greenfield,25937,0.0047779
massachusetts,greenfield,36917,0.0068005
massachusetts,haverhill,67536,0.0124409
massachusetts,holyoke,37675,0.0069401
massachusetts,lawrence,49244,0.0090713
massachusetts,lawrence,96312,0.0177417
massachusetts,lawrence,88224,0.0162518
massachusetts,leominster,43756,0.0080603
massachusetts,lowell,114875,0.0211612
massachusetts,lynn,101301,0.0186607
massachusetts,malden,65168,0.0120047
massachusetts,marlborough,41220,0.0075932
massachusetts,medford,58800,0.0108316
massachusetts,medford,85158,0.0156870
massachusetts,milton,41404,0.0076271
massachusetts,new bedford,100858,0.0185791
massachusetts,newton,88461,0.0162955
massachusetts,northampton,29376,0.0054114
massachusetts,peabody,54157,0.0099763
massachusetts,pittsfield,43135,0.0079459
massachusetts,plymouth,77704,0.0143139
massachusetts,quincy,38815,0.0071501
massachusetts,quincy,101680,0.0187306
massachusetts,revere,58010,0.0106861
massachusetts,salem,44784,0.0082497
massachusetts,salem,177563,0.0327090
massachusetts,salem,25623,0.0047200
massachusetts,somerville,80410,0.0148124
massachusetts,springfield,112609,0.0207438
massachusetts,springfield,153859,0.0283425
massachusetts,springfield,170376,0.0313851
massachusetts,springfield,58086,0.0107001
massachusetts,springfield,61087,0.0112529
massachusetts,stockbridge,35470,0.0065340
massachusetts,taunton,60422,0.0111304
massachusetts,watertown,24163,0.0044511
massachusetts,watertown,23241,0.0042812
massachusetts,watertown,22733,0.0041877
massachusetts,westfield,57877,0.0106616
massachusetts,westfield,40521,0.0074644
massachusetts,woburn,41660,0.0076742
massachusetts,worcester,207657,0.0382527
michigan,adrian,20242,0.0071278
michigan,ann arbor,119669,0.0421390
michigan,battle creek,52192,0.0183784
michigan,bay,32099,0.0113030
michigan,dearborn,105898,0.0372899
michigan,detroit,653833,0.2302342
michigan,east lansing,48552,0.0170966
michigan,eastpointe,33802,0.0119027
michigan,flint,79776,0.0280915
michigan,grand rapids,196644,0.0692443
michigan,highland park,30289,0.0106657
michigan,holland,34568,0.0121724
michigan,jackson,30904,0.0108822
michigan,jackson,144816,0.0509941
michigan,jackson,68336,0.0240632
michigan,kalamazoo,73337,0.0258242
michigan,lansing,112193,0.0395065
michigan,livonia,92368,0.0325255
michigan,marquette,21079,0.0074225
michigan,midland,42696,0.0150345
michigan,midland,138869,0.0488999
michigan,monroe,46654,0.0164283
michigan,monroe,20101,0.0070782
michigan,monroe,37890,0.0133422
michigan,monroe,19449,0.0068486
michigan,mount pleasant,20883,0.0073535
michigan,muskegon,37206,0.0131014
michigan,pontiac,62043,0.0218472
michigan,port huron,28406,0.0100026
michigan,royal oak,57548,0.0202644
michigan,saginaw,43239,0.0152258
michigan,saginaw,25144,0.0088540
michigan,trenton,89770,0.0316107
michigan,warren,137098,0.0482763
michigan,warren,38765,0.0136503
michigan,wyandotte,24105,0.0084881
michigan,ypsilanti,19397,0.0068303
minnesota,alexandria,43553,0.0162244
minnesota,alexandria,155369,0.0578780
minnesota,austin,26176,0.0097511
minnesota,austin,985843,0.3672460
minnesota,bloomington,78699,0.0293169
minnesota,bloomington,78951,0.0294108
minnesota,bloomington,87642,0.0326484
minnesota,duluth,32368,0.0120577
minnesota,duluth,88172,0.0328458
minnesota,faribault,24651,0.0091830
minnesota,hastings,22159,0.0082547
minnesota,hastings,24921,0.0092836
minnesota,mankato,45761,0.0170469
minnesota,minneapolis,436504,0.1626064
minnesota,moorhead,45218,0.0168446
minnesota,northfield,21034,0.0078356
minnesota,owatonna,26537,0.0098856
minnesota,rochester,122698,0.0457074
minnesota,rochester,33551,0.0124984
minnesota,rochester,207621,0.0773429
minnesota,stillwater,49553,0.0184595
minnesota,willmar,21345,0.0079514
minnesota,winona,26095,0.0097209
mississippi,biloxi,48272,0.0107931
mississippi,canton,36873,0.0082444
mississippi,canton,69412,0.0155198
mississippi,columbia,130046,0.0290768
mississippi,columbia,143709,0.0321317
mississippi,columbia,47448,0.0106088
mississippi,columbus,202134,0.0451949
mississippi,columbus,51713,0.0115625
mississippi,columbus,23045,0.0051526
mississippi,columbus,24467,0.0054705
mississippi,columbus,969655,0.2168041
mississippi,corinth,23777,0.0053163
mississippi,greenville,27706,0.0061948
mississippi,greenville,90070,0.0201387
mississippi,greenville,72879,0.0162949
mississippi,greenville,32724,0.0073167
mississippi,greenwood,66314,0.0148271
mississippi,greenwood,22508,0.0050325
mississippi,gulfport,72824,0.0162826
mississippi,hattiesburg,48479,0.0108394
mississippi,jackson,30904,0.0069098
mississippi,jackson,144816,0.0323792
mississippi,jackson,68336,0.0152792
mississippi,laurel,29408,0.0065753
mississippi,meridian,134906,0.0301635
mississippi,meridian,33566,0.0075050
mississippi,oxford,22086,0.0049382
mississippi,oxford,27026,0.0060427
mississippi,oxford,22341,0.0049952
mississippi,pascagoula,21591,0.0048275
mississippi,philadelphia,1650070,0.3689373
mississippi,starkville,25458,0.0056921
mississippi,tupelo,37725,0.0084349
mississippi,vicksburg,20206,0.0045178
missouri,cape girardeau,40509,0.0174512
missouri,chillicothe,21906,0.0094371
missouri,columbia,130046,0.0560236
missouri,columbia,143709,0.0619096
missouri,columbia,47448,0.0204405
missouri,florissant,51235,0.0220720
missouri,independence,29513,0.0127141
missouri,independence,121414,0.0523049
missouri,jefferson,42616,0.0183589
missouri,joplin,53117,0.0228827
missouri,kansas,153672,0.0662016
missouri,kansas,510823,0.2200617
missouri,lebanon,21722,0.0093578
missouri,lebanon,26386,0.0113670
missouri,lebanon,48212,0.0207696
missouri,maryville,32439,0.0139747
missouri,rolla,20431,0.0088016
missouri,salem,44784,0.0192929
missouri,salem,177563,0.0764938
missouri,salem,25623,0.0110383
missouri,sedalia,22087,0.0095150
missouri,springfield,112609,0.0485118
missouri,springfield,153859,0.0662822
missouri,springfield,170376,0.0733977
missouri,springfield,58086,0.0250233
missouri,springfield,61087,0.0263162
montana,billings,120922,0.2996850
montana,bozeman,57418,0.1423009
montana,great falls,60537,0.1500309
montana,helena,22121,0.0548232
montana,helena,34470,0.0854281
montana,kalispell,29894,0.0740873
montana,missoula,78135,0.1936446
nebraska,bellevue,64462,0.0213258
nebraska,bellevue,151967,0.0502749
nebraska,columbus,202134,0.0668715
nebraska,columbus,51713,0.0171081
nebraska,columbus,23045,0.0076239
nebraska,columbus,24467,0.0080944
nebraska,columbus,969655,0.3207886
nebraska,fremont,229247,0.0758412
nebraska,fremont,27617,0.0091365
nebraska,grand island,52918,0.0175067
nebraska,hastings,22159,0.0073308
nebraska,hastings,24921,0.0082446
nebraska,kearney,34447,0.0113960
nebraska,lincoln,54670,0.0180863
nebraska,lincoln,296186,0.0979865
nebraska,norfolk,26171,0.0086581
nebraska,norfolk,235421,0.0778837
nebraska,north platte,22527,0.0074526
nebraska,omaha,488664,0.1616635
nebraska,sidney,20332,0.0067264
nevada,boulder,106883,0.0535489
nevada,carson,91194,0.0456887
nevada,carson,58064,0.0290904
nevada,elko,20806,0.0104239
nevada,henderson,27758,0.0139069
nevada,henderson,340512,0.1705982
nevada,las vegas,678958,0.3401614
nevada,north las vegas,286075,0.1433250
nevada,reno,275411,0.1379823
nevada,sparks,110327,0.0552744
new hampshire,claremont,35660,0.0180640
new hampshire,concord,122413,0.0620096
new hampshire,concord,44658,0.0226220
new hampshire,concord,110323,0.0558853
new hampshire,dover,39924,0.0202239
new hampshire,dover,33496,0.0169678
new hampshire,durham,302296,0.1531313
new hampshire,franklin,25915,0.0131275
new hampshire,franklin,88729,0.0449466
new hampshire,franklin,35526,0.0179961
new hampshire,keene,22934,0.0116175
new hampshire,lebanon,21722,0.0110035
new hampshire,lebanon,26386,0.0133661
new hampshire,lebanon,48212,0.0244223
new hampshire,manchester,115743,0.0586309
new hampshire,nashua,91059,0.0461269
new hampshire,plymouth,77704,0.0393618
new hampshire,portsmouth,22749,0.0115237
new hampshire,portsmouth,96808,0.0490391
new hampshire,rochester,122698,0.0621540
new hampshire,rochester,33551,0.0169956
new hampshire,rochester,207621,0.1051726
new hampshire,salem,44784,0.0226858
new hampshire,salem,177563,0.0899464
new hampshire,salem,25623,0.0129796
new jersey,atlantic,38473,0.0088478
new jersey,bayonne,70446,0.0162008
new jersey,bridgeton,26770,0.0061564
new jersey,burlington,23571,0.0054207
new jersey,burlington,60049,0.0138098
new jersey,burlington,44546,0.0102445
new jersey,caldwell,68426,0.0157363
new jersey,camden,71168,0.0163669
new jersey,clifton,88558,0.0203661
new jersey,east orange,69563,0.0159978
new jersey,elizabeth,135958,0.0312669
new jersey,englewood,34321,0.0078930
new jersey,englewood,29657,0.0068204
new jersey,hackensack,45742,0.0105195
new jersey,hoboken,57053,0.0131208
new jersey,jersey,294757,0.0677868
new jersey,lakewood,78300,0.0180070
new jersey,lakewood,156452,0.0359801
new jersey,lakewood,49374,0.0113548
new jersey,lakewood,62313,0.0143304
new jersey,long beach,453649,0.1043279
new jersey,long beach,34627,0.0079633
new jersey,long branch,32863,0.0075577
new jersey,madison,60872,0.0139990
new jersey,madison,28010,0.0064416
new jersey,madison,281754,0.0647964
new jersey,menlo park,31703,0.0072909
new jersey,millville,27371,0.0062946
new jersey,montclair,37558,0.0086374
new jersey,morristown,32138,0.0073909
new jersey,new brunswick,56030,0.0128855
new jersey,newark,47029,0.0108155
new jersey,newark,30193,0.0069436
new jersey,newark,310539,0.0714162
new jersey,newark,51072,0.0117453
new jersey,orange,138397,0.0318279
new jersey,passaic,69104,0.0158922
new jersey,paterson,156512,0.0359939
new jersey,perth amboy,55250,0.0127061
new jersey,plainfield,54790,0.0126003
new jersey,princeton,30298,0.0069678
new jersey,princeton,28027,0.0064455
new jersey,salem,44784,0.0102992
new jersey,salem,177563,0.0408351
new jersey,salem,25623,0.0058927
new jersey,somerville,80410,0.0184923
new jersey,trenton,89770,0.0206449
new jersey,union,65686,0.0151061
new jersey,union,27849,0.0064046
new jersey,union,64477,0.0148281
new jersey,union,65686,0.0151061
new jersey,union,27849,0.0064046
new jersey,union,64477,0.0148281
new jersey,vineland,60841,0.0139919
new mexico,alamogordo,31317,0.0147746
new mexico,albuquerque,561385,0.2648477
new mexico,carlsbad,113619,0.0536027
new mexico,carlsbad,31538,0.0148789
new mexico,clovis,127736,0.0602627
new mexico,clovis,37628,0.0177520
new mexico,farmington,23933,0.0112910
new mexico,farmington,46271,0.0218295
new mexico,farmington,25828,0.0121850
new mexico,gallup,20460,0.0096525
new mexico,hobbs,39462,0.0186172
new mexico,las cruces,114908,0.0542108
new mexico,las vegas,678958,0.3203158
new mexico,roswell,91943,0.0433765
new mexico,roswell,47158,0.0222480
new mexico,santa fe,89189,0.0420772
new mexico,socorro,38319,0.0180780
new york,albany,19393,0.0061066
new york,albany,67056,0.0211149
new york,albany,101241,0.0318793
new york,albany,57074,0.0179718
new york,auburn,82248,0.0258987
new york,auburn,24847,0.0078240
new york,auburn,26029,0.0081961
new york,auburn,83942,0.0264321
new york,batavia,26282,0.0082758
new york,bedford,48397,0.0152395
new york,binghamton,46729,0.0147143
new york,buffalo,274915,0.0865667
new york,clinton,24241,0.0076331
new york,clinton,26698,0.0084068
new york,clinton,23596,0.0074300
new york,crown point,35049,0.0110364
new york,elmira,26184,0.0082450
new york,garden,27383,0.0086225
new york,garden,26343,0.0082950
new york,geneva,21130,0.0066535
new york,hudson,22981,0.0072364
new york,huntington,45336,0.0142756
new york,ithaca,32745,0.0103109
new york,jamestown,27974,0.0088086
new york,kingston,23779,0.0074877
new york,lockport,26542,0.0083577
new york,lockport,20451,0.0064397
new york,manhattan,53721,0.0169159
new york,middletown,48051,0.0151305
new york,middletown,30155,0.0094954
new york,middletown,51500,0.0162166
new york,mount vernon,71216,0.0224249
new york,mount vernon,35265,0.0111044
new york,new rochelle,83870,0.0264094
new york,newburgh,28238,0.0088917
new york,niagara falls,47711,0.0150235
new york,peekskill,25444,0.0080119
new york,poughkeepsie,31790,0.0100102
new york,rochester,122698,0.0386358
new york,rochester,33551,0.0105647
new york,rochester,207621,0.0653768
new york,rome,38114,0.0120015
new york,rome,31659,0.0099689
new york,saratoga springs,28560,0.0089931
new york,saratoga springs,52618,0.0165686
new york,schenectady,68666,0.0216219
new york,syracuse,145812,0.0459140
new york,syracuse,37034,0.0116615
new york,troy,87398,0.0275203
new york,troy,50730,0.0159741
new york,troy,26906,0.0084723
new york,utica,63618,0.0200324
new york,watertown,24163,0.0076086
new york,watertown,23241,0.0073182
new york,watertown,22733,0.0071583
new york,white plains,61291,0.0192996
new york,woodstock,38490,0.0121199
new york,woodstock,25719,0.0080985
new york,yonkers,209593,0.0659977
north carolina,asheboro,27727,0.0041563
north carolina,asheville,95232,0.0142755
north carolina,burlington,23571,0.0035334
north carolina,burlington,60049,0.0090015
north carolina,burlington,44546,0.0066776
north carolina,charlotte,913175,0.1368873
north carolina,concord,122413,0.0183500
north carolina,concord,44658,0.0066943
north carolina,concord,110323,0.0165377
north carolina,durham,302296,0.0453150
north carolina,elizabeth,135958,0.0203805
north carolina,fayetteville,102113,0.0153070
north carolina,fayetteville,20089,0.0030114
north carolina,fayetteville,210381,0.0315367
north carolina,gastonia,84067,0.0126019
north carolina,goldsboro,33485,0.0050195
north carolina,greensboro,303255,0.0454587
north carolina,greenville,27706,0.0041532
north carolina,greenville,90070,0.0135017
north carolina,greenville,72879,0.0109248
north carolina,greenville,32724,0.0049054
north carolina,henderson,27758,0.0041610
north carolina,henderson,340512,0.0510436
north carolina,hickory,44431,0.0066603
north carolina,high point,117096,0.0175530
north carolina,jacksonville,29097,0.0043617
north carolina,jacksonville,1302868,0.1953033
north carolina,jacksonville,72916,0.0109303
north carolina,new bern,32250,0.0048344
north carolina,raleigh,483335,0.0724532
north carolina,rocky mount,54298,0.0081394
north carolina,salisbury,33176,0.0049732
north carolina,salisbury,36342,0.0054478
north carolina,shelby,22012,0.0032997
north carolina,washington,687788,0.1031012
north carolina,washington,33957,0.0050902
north carolina,wilmington,71800,0.0107630
north carolina,wilmington,122807,0.0184091
north carolina,wilson,47984,0.0071929
north carolina,winston-salem,253855,0.0380535
north dakota,bismarck,75122,0.0098242
north dakota,dickinson,25132,0.0032867
north dakota,dickinson,21856,0.0028582
north dakota,fargo,133306,0.0174332
north dakota,grand forks,59008,0.0077168
north dakota,jamestown,27974,0.0036583
north dakota,mandan,24591,0.0032159
north dakota,minot,47445,0.0062047
north dakota,williston,27713,0.0036242
north dakota,akron,189834,0.0248257
north dakota,alliance,21582,0.0028224
north dakota,athens,30934,0.0040454
north dakota,athens,24693,0.0032293
north dakota,barberton,24586,0.0032153
north dakota,bedford,48397,0.0063292
north dakota,bowling green,76243,0.0099708
north dakota,bowling green,30410,0.0039769
north dakota,canton,36873,0.0048221
north dakota,canton,69412,0.0090774
north dakota,chillicothe,21906,0.0028648
north dakota,cincinnati,314621,0.0411449
north dakota,cleveland,364136,0.0476202
north dakota,cleveland,49166,0.0064297
north dakota,cleveland heights,43950,0.0057476
north dakota,columbus,202134,0.0264343
north dakota,columbus,51713,0.0067628
north dakota,columbus,23045,0.0030137
north dakota,columbus,24467,0.0031997
north dakota,columbus,969655,0.1268076
north dakota,cuyahoga falls,50754,0.0066374
north dakota,dayton,135566,0.0177288
north dakota,delaware,45202,0.0059113
north dakota,elyria,53237,0.0069621
north dakota,euclid,48235,0.0063080
north dakota,findlay,40193,0.0052563
north dakota,greenville,27706,0.0036233
north dakota,greenville,90070,0.0117790
north dakota,greenville,72879,0.0095308
north dakota,greenville,32724,0.0042795
north dakota,hamilton,63123,0.0082550
north dakota,kent,27602,0.0036097
north dakota,kent,133553,0.0174655
north dakota,kettering,56894,0.0074404
north dakota,lakewood,78300,0.0102398
north dakota,lakewood,156452,0.0204602
north dakota,lakewood,49374,0.0064569
north dakota,lakewood,62313,0.0081490
north dakota,lancaster,168234,0.0220010
north dakota,lancaster,41547,0.0054334
north dakota,lancaster,57254,0.0074874
north dakota,lancaster,40260,0.0052650
north dakota,lima,34836,0.0045557
north dakota,lorain,65394,0.0085520
north dakota,mansfield,47757,0.0062455
north dakota,mansfield,78587,0.0102773
north dakota,marietta,62876,0.0082227
north dakota,marion,28110,0.0036761
north dakota,marion,42318,0.0055342
north dakota,marion,35543,0.0046482
north dakota,massillon,32456,0.0042445
north dakota,mentor,46929,0.0061372
north dakota,middletown,48051,0.0062839
north dakota,middletown,30155,0.0039436
north dakota,middletown,51500,0.0067350
north dakota,mount vernon,71216,0.0093133
north dakota,mount vernon,35265,0.0046118
north dakota,newark,47029,0.0061503
north dakota,newark,30193,0.0039485
north dakota,newark,310539,0.0406110
north dakota,newark,51072,0.0066790
north dakota,norwalk,98103,0.0128295
north dakota,norwalk,92727,0.0121265
north dakota,painesville,20609,0.0026952
north dakota,parma,79352,0.0103773
north dakota,piqua,20763,0.0027153
north dakota,portsmouth,22749,0.0029750
north dakota,portsmouth,96808,0.0126602
north dakota,salem,44784,0.0058567
north dakota,salem,177563,0.0232210
north dakota,salem,25623,0.0033509
north dakota,sandusky,24254,0.0031718
north dakota,shaker heights,28544,0.0037329
north dakota,springfield,112609,0.0147266
north dakota,springfield,153859,0.0201211
north dakota,springfield,170376,0.0222811
north dakota,springfield,58086,0.0075963
north dakota,springfield,61087,0.0079887
north dakota,toledo,266878,0.0349012
north dakota,urbana,38224,0.0049988
north dakota,warren,137098,0.0179291
north dakota,warren,38765,0.0050695
north dakota,wooster,27080,0.0035414
north dakota,xenia,25734,0.0033654
north dakota,youngstown,59113,0.0077306
north dakota,zanesville,24673,0.0032266
oklahoma,ardmore,24863,0.0091401
oklahoma,bartlesville,38115,0.0140118
oklahoma,bethany,20385,0.0074939
oklahoma,claremore,20390,0.0074958
oklahoma,clinton,24241,0.0089115
oklahoma,clinton,26698,0.0098147
oklahoma,clinton,23596,0.0086744
oklahoma,duncan,23182,0.0085222
oklahoma,durant,20303,0.0074638
oklahoma,edmond,98211,0.0361043
oklahoma,enid,50607,0.0186041
oklahoma,frederick,85840,0.0315565
oklahoma,hobart,29452,0.0108271
oklahoma,lawton,90624,0.0333152
oklahoma,miami,482295,0.1773011
oklahoma,midwest,58225,0.0214047
oklahoma,moore,63607,0.0233832
oklahoma,muskogee,36916,0.0135710
oklahoma,norman,130406,0.0479398
oklahoma,oklahoma,716577,0.2634278
oklahoma,perry,24044,0.0088390
oklahoma,ponca,24307,0.0089357
oklahoma,sand springs,20083,0.0073829
oklahoma,sapulpa,22984,0.0084494
oklahoma,shawnee,69514,0.0255547
oklahoma,shawnee,31804,0.0116918
oklahoma,stillwater,49553,0.0182167
oklahoma,tulsa,413381,0.1519670
oregon,albany,19393,0.0042954
oregon,albany,67056,0.0148526
oregon,albany,101241,0.0224244
oregon,albany,57074,0.0126416
oregon,ashland,21167,0.0046884
oregon,ashland,21061,0.0046649
oregon,beaverton,97171,0.0215229
oregon,bend,104578,0.0231635
oregon,brookings,24336,0.0053903
oregon,corvallis,61123,0.0135384
oregon,eugene,177959,0.0394170
oregon,grants pass,39263,0.0086965
oregon,hillsboro,107799,0.0238769
oregon,jacksonville,29097,0.0064448
oregon,jacksonville,1302868,0.2885785
oregon,jacksonville,72916,0.0161505
oregon,klamath falls,21895,0.0048496
oregon,lake oswego,39942,0.0088469
oregon,mcminnville,34452,0.0076309
oregon,medford,58800,0.0130239
oregon,medford,85158,0.0188621
oregon,newberg,26122,0.0057859
oregon,newport,24742,0.0054802
oregon,ontario,182595,0.0404438
oregon,oregon,37467,0.0082987
oregon,portland,69128,0.0153115
oregon,portland,633218,0.1402545
oregon,portland,20483,0.0045369
oregon,redmond,37022,0.0082002
oregon,redmond,80407,0.0178097
oregon,roseburg,23909,0.0052957
oregon,salem,44784,0.0099194
oregon,salem,177563,0.0393293
oregon,salem,25623,0.0056754
oregon,seaside,31350,0.0069439
oregon,springfield,112609,0.0249423
oregon,springfield,153859,0.0340790
oregon,springfield,170376,0.0377374
oregon,springfield,58086,0.0128657
oregon,springfield,61087,0.0135305
pennsylvania,allentown,125113,0.0249137
pennsylvania,altoona,21698,0.0043207
pennsylvania,altoona,42789,0.0085205
pennsylvania,bedford,48397,0.0096373
pennsylvania,bethlehem,78542,0.0156400
pennsylvania,bristol,61634,0.0122731
pennsylvania,bristol,27879,0.0055515
pennsylvania,carbondale,21594,0.0043000
pennsylvania,chester,33626,0.0066959
pennsylvania,columbia,130046,0.0258960
pennsylvania,columbia,143709,0.0286167
pennsylvania,columbia,47448,0.0094483
pennsylvania,easton,29544,0.0058831
pennsylvania,erie,93057,0.0185304
pennsylvania,franklin,25915,0.0051604
pennsylvania,franklin,88729,0.0176685
pennsylvania,franklin,35526,0.0070743
pennsylvania,germantown,40277,0.0080203
pennsylvania,harrisburg,50045,0.0099654
pennsylvania,hazleton,30087,0.0059912
pennsylvania,homestead,81785,0.0162858
pennsylvania,lancaster,168234,0.0335003
pennsylvania,lancaster,41547,0.0082732
pennsylvania,lancaster,57254,0.0114009
pennsylvania,lancaster,40260,0.0080169
pennsylvania,lebanon,21722,0.0043255
pennsylvania,lebanon,26386,0.0052542
pennsylvania,lebanon,48212,0.0096004
pennsylvania,middletown,48051,0.0095684
pennsylvania,middletown,30155,0.0060047
pennsylvania,middletown,51500,0.0102552
pennsylvania,new castle,21434,0.0042681
pennsylvania,new hope,20708,0.0041236
pennsylvania,philadelphia,1650070,0.3285773
pennsylvania,pittsburgh,303820,0.0604995
pennsylvania,reading,95056,0.0189284
pennsylvania,scranton,76002,0.0151342
pennsylvania,titusville,49686,0.0098939
pennsylvania,warren,137098,0.0273002
pennsylvania,warren,38765,0.0077192
pennsylvania,washington,687788,0.1369587
pennsylvania,washington,33957,0.0067618
pennsylvania,wilkes-barre,44277,0.0088168
pennsylvania,williamsport,27501,0.0054763
pennsylvania,york,44940,0.0089489
rhode island,bristol,61634,0.0555677
rhode island,bristol,27879,0.0251350
rhode island,central falls,22566,0.0203449
rhode island,cranston,82637,0.0745035
rhode island,east providence,46904,0.0422875
rhode island,kingston,23779,0.0214386
rhode island,middletown,48051,0.0433216
rhode island,middletown,30155,0.0271870
rhode island,middletown,51500,0.0464311
rhode island,newport,24742,0.0223068
rhode island,pawtucket,75353,0.0679364
rhode island,portsmouth,22749,0.0205099
rhode island,portsmouth,96808,0.0872797
rhode island,providence,192129,0.1732187
rhode island,warren,137098,0.1236041
rhode island,warren,38765,0.0349496
rhode island,warwick,83236,0.0750435
rhode island,woonsocket,43185,0.0389345
south carolina,aiken,32969,0.0168135
south carolina,anderson,55220,0.0281611
south carolina,anderson,29990,0.0152943
south carolina,camden,71168,0.0362943
south carolina,charleston,155675,0.0793912
south carolina,charleston,46900,0.0239181
south carolina,columbia,130046,0.0663209
south carolina,columbia,143709,0.0732888
south carolina,columbia,47448,0.0241976
south carolina,florence,42477,0.0216624
south carolina,florence,32941,0.0167993
south carolina,florence,40687,0.0207496
south carolina,georgetown,39489,0.0201386
south carolina,georgetown,96548,0.0492376
south carolina,greenville,27706,0.0141295
south carolina,greenville,90070,0.0459340
south carolina,greenville,72879,0.0371669
south carolina,greenville,32724,0.0166886
south carolina,greenwood,66314,0.0338189
south carolina,greenwood,22508,0.0114786
south carolina,lancaster,168234,0.0857961
south carolina,lancaster,41547,0.0211882
south carolina,lancaster,57254,0.0291984
south carolina,lancaster,40260,0.0205318
south carolina,mount pleasant,20883,0.0106499
south carolina,myrtle beach,39700,0.0202462
south carolina,rock hill,75678,0.0385943
south carolina,spartanburg,39041,0.0199102
south carolina,sumter,42782,0.0218180
south carolina,union,65686,0.0334986
south carolina,union,27849,0.0142024
south carolina,union,64477,0.0328820
south dakota,aberdeen,28117,0.0304214
south dakota,brookings,24336,0.0263305
south dakota,canton,36873,0.0398951
south dakota,canton,69412,0.0751009
south dakota,hot springs,38020,0.0411361
south dakota,madison,60872,0.0658610
south dakota,madison,28010,0.0303057
south dakota,madison,281754,0.3048461
south dakota,rapid,79445,0.0859562
south dakota,sioux falls,207274,0.2242618
south dakota,watertown,24163,0.0261434
south dakota,watertown,23241,0.0251458
south dakota,watertown,22733,0.0245962
tennessee,athens,30934,0.0098025
tennessee,athens,24693,0.0078248
tennessee,chattanooga,187050,0.0592729
tennessee,clarksville,182457,0.0578175
tennessee,cleveland,364136,0.1153885
tennessee,cleveland,49166,0.0155799
tennessee,columbia,130046,0.0412094
tennessee,columbia,143709,0.0455389
tennessee,columbia,47448,0.0150355
tennessee,cookeville,36768,0.0116511
tennessee,dayton,135566,0.0429585
tennessee,franklin,25915,0.0082120
tennessee,franklin,88729,0.0281167
tennessee,franklin,35526,0.0112576
tennessee,gallatin,50421,0.0159776
tennessee,jackson,30904,0.0097929
tennessee,jackson,144816,0.0458897
tennessee,jackson,68336,0.0216545
tennessee,johnson,73472,0.0232820
tennessee,kingsport,56851,0.0180151
tennessee,knoxville,198488,0.0628975
tennessee,lebanon,21722,0.0068833
tennessee,lebanon,26386,0.0083613
tennessee,lebanon,48212,0.0152776
tennessee,maryville,32439,0.0102794
tennessee,memphis,622981,0.1974120
tennessee,morristown,32138,0.0101840
tennessee,murfreesboro,166236,0.0526773
tennessee,oak ridge,33438,0.0105959
tennessee,shelbyville,20613,0.0065319
tennessee,shelbyville,25139,0.0079661
tennessee,tullahoma,21005,0.0066561
texas,abilene,129330,0.0082460
texas,amarillo,203842,0.0129969
texas,arlington,403364,0.0257184
texas,arlington,21211,0.0013524
texas,austin,26176,0.0016690
texas,austin,985843,0.0628571
texas,baytown,84143,0.0053649
texas,beaumont,58496,0.0037297
texas,beaumont,112544,0.0071758
texas,big spring,22376,0.0014267
texas,brownsville,190792,0.0121648
texas,bryan,89620,0.0057141
texas,cleburne,36319,0.0023157
texas,college station,125475,0.0080003
texas,corpus christi,318858,0.0203303
texas,crystal,21915,0.0013973
texas,dallas,1388320,0.0885189
texas,del rio,34595,0.0022058
texas,denison,26343,0.0016796
texas,denton,159135,0.0101464
texas,eagle pass,28285,0.0018034
texas,edinburg,105811,0.0067465
texas,el paso,678972,0.0432911
texas,fort worth,979882,0.0624770
texas,freeport,23170,0.0014773
texas,galveston,53348,0.0034015
texas,garland,244394,0.0155825
texas,greenville,27706,0.0017665
texas,greenville,90070,0.0057428
texas,greenville,72879,0.0046467
texas,greenville,32724,0.0020865
texas,harlingen,71569,0.0045632
texas,houston,2664452,0.1698848
texas,huntsville,226208,0.0144230
texas,huntsville,48553,0.0030957
texas,irving,257602,0.0164246
texas,johnson,73472,0.0046846
texas,killeen,160238,0.0102167
texas,kingsville,24586,0.0015676
texas,laredo,263553,0.0168041
texas,longview,83364,0.0053153
texas,longview,37958,0.0024202
texas,lubbock,269994,0.0172147
texas,lufkin,34187,0.0021798
texas,marshall,24131,0.0015386
texas,mcallen,146716,0.0093546
texas,mckinney,215465,0.0137380
texas,mesquite,22833,0.0014558
texas,mesquite,147461,0.0094021
texas,midland,42696,0.0027223
texas,midland,138869,0.0088543
texas,mission,87325,0.0055678
texas,nacogdoches,32180,0.0020518
texas,new braunfels,111077,0.0070822
texas,odessa,116320,0.0074165
texas,orange,138397,0.0088242
texas,paris,24974,0.0015923
texas,pasadena,134470,0.0085738
texas,pasadena,147317,0.0093929
texas,pharr,80603,0.0051392
texas,plainview,19447,0.0012399
texas,plano,291657,0.0185960
texas,port arthur,55590,0.0035444
texas,richardson,118214,0.0075373
texas,san angelo,99833,0.0063653
texas,san antonio,1550542,0.0988622
texas,san marcos,94720,0.0060393
texas,san marcos,71675,0.0045700
texas,sherman,47497,0.0030284
texas,sweetwater,20369,0.0012987
texas,temple,34884,0.0022242
texas,temple,93114,0.0059369
texas,texarkana,29300,0.0018682
texas,texarkana,35743,0.0022790
texas,texas,56704,0.0036154
texas,tyler,110460,0.0070429
texas,victoria,65832,0.0041974
texas,waco,144922,0.0092402
texas,weatherford,38111,0.0024299
texas,wichita falls,102755,0.0065516
utah,american fork,38564,0.0354627
utah,bountiful,44254,0.0406952
utah,cedar,39958,0.0367446
utah,clearfield,34487,0.0317136
utah,layton,83742,0.0770076
utah,lehi,90245,0.0829876
utah,logan,55336,0.0508860
utah,murray,49602,0.0456131
utah,ogden,87292,0.0802721
utah,orem,96207,0.0884702
utah,payson,24057,0.0221224
utah,provo,113433,0.1043109
utah,salt lake,209749,0.1928813
utah,spanish fork,45736,0.0420580
utah,springville,35485,0.0326314
utah,tooele,39304,0.0361432
vermont,burlington,23571,0.0680545
vermont,burlington,60049,0.1733741
vermont,burlington,44546,0.1286137
vermont,manchester,115743,0.3341745
vermont,newport,24742,0.0714354
vermont,plymouth,77704,0.2243479
virginia,alexandria,43553,0.0158866
virginia,alexandria,155369,0.0566732
virginia,bristol,61634,0.0224819
virginia,bristol,27879,0.0101693
virginia,charlottesville,45158,0.0164721
virginia,chesapeake,254373,0.0927864
virginia,danville,28216,0.0102922
virginia,danville,41857,0.0152680
virginia,fairfax,25171,0.0091815
virginia,fredericksburg,29002,0.0105789
virginia,hampton,138319,0.0504539
virginia,hopewell,22786,0.0083115
virginia,lynchburg,79538,0.0290127
virginia,manassas,42701,0.0155758
virginia,newport news,184255,0.0672098
virginia,norfolk,26171,0.0095463
virginia,norfolk,235421,0.0858733
virginia,petersburg,33339,0.0121609
virginia,portsmouth,22749,0.0082980
virginia,portsmouth,96808,0.0353122
virginia,richmond,114268,0.0416810
virginia,richmond,35451,0.0129313
virginia,richmond,37262,0.0135919
virginia,richmond,229447,0.0836942
virginia,roanoke,97372,0.0355179
virginia,staunton,25920,0.0094547
virginia,suffolk,100695,0.0367300
virginia,virginia beach,455924,0.1663051
virginia,waynesboro,23209,0.0084658
virginia,winchester,27644,0.0100836
washington,aberdeen,28117,0.0088866
washington,auburn,82248,0.0259952
washington,auburn,24847,0.0078531
washington,auburn,26029,0.0082267
washington,auburn,83942,0.0265306
washington,bellevue,64462,0.0203738
washington,bellevue,151967,0.0480305
washington,bellingham,94903,0.0299949
washington,bremerton,45471,0.0143715
washington,everett,50355,0.0159151
washington,everett,111338,0.0351893
washington,kennewick,85727,0.0270948
washington,longview,83364,0.0263479
washington,longview,37958,0.0119970
washington,moses lake,26325,0.0083202
washington,oak harbor,24029,0.0075946
washington,olympia,55734,0.0176152
washington,pasco,80067,0.0253059
washington,port angeles,20102,0.0063534
washington,pullman,32917,0.0104037
washington,puyallup,42213,0.0133418
washington,redmond,37022,0.0117011
washington,redmond,80407,0.0254133
washington,renton,104557,0.0330461
washington,richland,63922,0.0202031
washington,seattle,808988,0.2556876
washington,spokane,230930,0.0729874
washington,tacoma,223728,0.0707112
washington,vancouver,196608,0.0621397
washington,walla walla,33369,0.0105466
washington,wenatchee,35531,0.0112299
washington,yakima,96793,0.0305923
west virginia,charleston,155675,0.2497509
west virginia,charleston,46900,0.0752421
west virginia,hillsboro,107799,0.1729430
west virginia,huntington,45336,0.0727330
west virginia,logan,55336,0.0887761
west virginia,morgantown,30439,0.0488336
west virginia,parkersburg,29033,0.0465779
west virginia,princeton,30298,0.0486074
west virginia,princeton,28027,0.0449640
west virginia,weston,68245,0.1094861
west virginia,wheeling,26233,0.0420859
wisconsin,appleton,75036,0.0319018
wisconsin,ashland,21167,0.0089992
wisconsin,ashland,21061,0.0089542
wisconsin,belmont,26629,0.0113214
wisconsin,beloit,36347,0.0154531
wisconsin,eau claire,70634,0.0300303
wisconsin,fond du lac,44387,0.0188713
wisconsin,green bay,105793,0.0449783
wisconsin,hayward,155961,0.0663074
wisconsin,janesville,66147,0.0281226
wisconsin,kenosha,98344,0.0418113
wisconsin,la crosse,51478,0.0218860
wisconsin,madison,60872,0.0258799
wisconsin,madison,28010,0.0119085
wisconsin,madison,281754,0.1197887
wisconsin,manitowoc,34574,0.0146993
wisconsin,milwaukee,565239,0.2403133
wisconsin,neenah,27470,0.0116790
wisconsin,oshkosh,66296,0.0281860
wisconsin,portage,38549,0.0163892
wisconsin,portage,49305,0.0209622
wisconsin,racine,76773,0.0326403
wisconsin,sheboygan,49697,0.0211289
wisconsin,stevens point,25754,0.0109494
wisconsin,superior,26429,0.0112364
wisconsin,waukesha,70510,0.0299776
wisconsin,wausau,39975,0.0169955
wisconsin,wauwatosa,47109,0.0200286
wisconsin,west allis,58877,0.0250318
wisconsin,west bend,31915,0.0135688
wyoming,buffalo,274915,0.3098758
wyoming,casper,58744,0.0662144
wyoming,cheyenne,65301,0.0736053
wyoming,evanston,75092,0.0846414
wyoming,gillette,33519,0.0377816
wyoming,jackson,30904,0.0348340
wyoming,jackson,144816,0.1632322
wyoming,jackson,68336,0.0770263
wyoming,laramie,32156,0.0362453
wyoming,riverton,44867,0.0505727
wyoming,rock springs,22967,0.0258877
wyoming,torrington,35561,0.0400833